date,close,high,low,open,volume,dvol,logret,rv_7d
2024-07-13,60109.5,60402.5,57950.5,58196.5,6702.93282947,,,
2024-07-14,62885.5,63123.0,59523.5,60110.0,10678.09559539,,0.04514771355625413,
2024-07-15,62980.5,65055.5,62329.5,62886.0,11866.87616018,,0.0015095421804129927,
2024-07-16,65303.0,66175.0,62432.0,62971.0,12783.5947024,,0.036212822364509734,
2024-07-17,64681.0,65538.5,63861.5,65303.0,7127.6445814,,-0.009570481715000412,
2024-07-18,63747.0,65135.5,63228.0,64681.0,8261.77823617,,-0.014545371211433178,
2024-07-19,66645.0,67467.5,63423.5,63746.5,10482.75820191,,0.044457900948277285,
2024-07-20,66748.5,67764.0,66346.0,66636.0,3286.60049022,,0.001551800061767139,49.73481445976146
2024-07-21,67276.5,68535.0,65855.0,66749.5,7247.01494729,,0.00787916779069242,42.769827732538666
2024-07-22,66610.0,68321.0,66262.0,67276.5,6925.24100787,,-0.00995627648335251,44.84706181304657
2024-07-23,66072.5,67405.5,65454.0,66610.0,7328.66910267,,-0.008102092443186493,38.91449730514619
2024-07-24,64117.5,67135.0,63735.5,66072.5,8092.3248739,,-0.030035286395539984,44.86289520648881
2024-07-25,66960.0,67503.0,63414.0,64117.5,12317.56955037,,0.043378088594858255,53.15231155279728
2024-07-26,68090.0,68342.0,66914.0,66960.0,7230.84973597,,0.016734933313655276,44.30929407530573
2024-07-27,67537.5,69483.0,66634.5,68090.0,12635.58657928,,-0.008147360324691988,45.057908662894405
2024-07-28,69555.5,69960.0,67222.0,67537.5,6131.22818298,,0.029441995871332338,49.3489927851979
2024-07-29,66943.0,70067.5,65836.0,69556.0,13228.64066619,,-0.03828348400919346,57.973243107559334
2024-07-30,66187.0,66995.0,65275.0,66942.5,6839.47096402,,-0.011357441995738071,58.32095670623894
2024-07-31,64309.0,66845.5,63525.0,66187.0,11703.63731583,,-0.028784478691941118,57.93155595879572
2024-08-01,64096.0,65615.5,62250.0,64295.5,14739.97328934,,-0.003317630861236154,45.307777836133816
2024-08-02,61613.0,65492.5,60424.5,64096.0,15104.9936715,,-0.039509072248483434,46.14942148588684
2024-08-03,60331.0,62157.0,59810.5,61612.5,6037.75206828,,-0.021026819418215936,46.04531529350029
2024-08-04,52668.0,61061.5,48877.0,60330.5,34307.36068995,,-0.13583800732260976,84.86625478008439
2024-08-05,56034.0,56259.5,49524.0,52671.5,32402.22965255,,0.061950588861536815,112.32778588455572
2024-08-06,56949.0,57302.5,54301.0,56034.0,12933.81130448,,0.016197481120880042,116.12327214032001
2024-08-07,57216.0,57771.5,54563.5,56960.5,13832.13176023,,0.004677449074533158,117.34944280907067
2024-08-08,60862.5,62765.0,56699.0,57224.0,16092.219003,,0.06178364195777064,130.53882302312167
2024-08-09,60890.5,61539.0,59511.0,60862.5,17145.50144615,,0.0004599476069362396,127.71727372068918
2024-08-10,61300.0,61419.5,60441.5,60890.5,2250.68848784,,0.006702673826410432,126.72844678095159
2024-08-11,58674.0,61908.5,57650.0,61300.5,6904.28182591,,-0.04378314438397268,70.78083928288571
2024-08-12,59256.5,60755.0,57792.0,58670.5,13795.34250698,,0.009878780081283622,58.96021146536935
2024-08-13,60943.5,61600.0,58414.0,59256.5,6756.05944678,,0.02807172681003145,60.567544314406454
2024-08-14,58062.5,61819.0,57708.0,60943.5,10526.16530986,,-0.04842718887545061,73.90814796459966
2024-08-15,58485.5,59860.5,56109.0,58062.0,11661.05215479,,0.007258843692719452,55.255273126721946
2024-08-16,59260.0,59842.0,57542.0,58485.0,5639.74402767,,0.0131556818786418,56.85247055498274
2024-08-17,59597.5,60285.0,59093.5,59260.0,1767.20249592,,0.005679084737389317,56.74128574464864
2024-08-18,58507.0,60299.5,58223.5,59597.0,3886.58950719,,-0.018467221683801327,48.26100025683852
2024-08-19,60964.0,61448.0,57813.0,58507.0,9478.76002985,,0.04113712082459742,56.83123196202358
2024-08-20,59734.0,61019.0,58565.0,60970.0,7527.79336368,,-0.020382153498877287,55.12116141787682
2024-08-21,61009.5,61867.0,58868.0,59734.0,9101.88118665,,0.021128217227644797,41.293403694584065
2024-08-22,61060.5,61423.0,60112.0,61009.0,5267.55342735,,0.0008355861877191728,41.535580622822295
2024-08-23,64370.0,65010.0,60691.5,61060.5,12615.13192684,,0.05278251012443391,53.679684165581456
2024-08-24,63891.0,64753.0,63588.0,64370.0,3357.07527317,,-0.007469179671057091,55.40601600940542
2024-08-25,63632.5,65071.0,63601.0,63891.0,3574.67228344,,-0.0040541602773345176,51.76908534565507
2024-08-26,62933.0,64069.5,62675.5,63632.5,4906.90824193,,-0.011053677697038466,47.43389415563781
2024-08-27,58601.5,63033.5,58005.5,62933.0,11699.89752838,,-0.0713103748941073,71.7405150483209
2024-08-28,59591.0,60223.5,57817.5,58601.5,7421.08229748,,0.016744262432245804,70.91857265507433
2024-08-29,59300.0,61182.5,58577.0,59590.5,8747.83166819,,-0.004895249953552394,70.83297357185428
2024-08-30,59081.5,59950.0,57700.0,59300.5,6943.91236819,,-0.0036914593601640178,52.597089133397134
2024-08-31,58466.0,59230.0,57760.0,59081.5,1601.60455823,,-0.010472457947104274,52.4756930905157
2024-09-01,57534.5,58776.0,57125.0,58465.5,4076.07576586,,-0.016060620821139793,51.989575758771444
2024-09-02,59113.0,59848.5,57534.0,57534.5,4067.52439337,,0.02706609850682362,60.12829485632051
2024-09-03,56717.5,59362.5,55555.0,59113.0,7716.18892437,,-0.041368061293217906,42.5553810962392
2024-09-04,57159.0,58540.5,56153.0,56717.5,6404.36010614,,0.007754053068179445,40.235466873850626
2024-09-05,55758.0,57312.5,55253.5,57159.0,7118.96974593,,-0.024815960353800293,42.428629909105524
2024-09-06,54290.0,56994.0,52516.5,55758.0,12168.50284155,,-0.026680849885897473,43.965079299455425
2024-09-07,54425.0,54847.5,53829.0,54289.5,2358.11133364,,0.002483559203250607,45.230900578528
2024-09-08,54963.0,55392.0,53621.5,54425.0,4535.72790631,,0.009836624456607268,47.03062256816173
2024-09-09,57236.0,58192.0,54808.0,54963.5,8318.16260966,,0.04052283946727009,53.4451443954957
2024-09-10,56696.5,58098.0,56073.0,57236.0,6421.90861575,,-0.009470590611119434,44.27606034932949
2024-09-11,58144.0,58588.0,55550.0,56696.5,8518.01883661,,0.025210211780391845,47.80234943272285
2024-09-12,58099.5,58577.0,57346.5,58144.0,4834.60424419,,-0.0007656342449049447,42.297766664507066
2024-09-13,60195.0,60651.5,57631.0,58100.0,6457.95790138,,0.03543223441813481,36.61140373718453
2024-09-14,60205.5,60287.0,59412.5,60194.5,1898.48197893,,0.00017441788076588693,37.11653168084456
2024-09-15,58889.0,60415.0,58119.0,60206.0,4389.61983032,,-0.022109394267134874,45.69382349369393
2024-09-16,58697.5,59170.0,57499.5,58888.5,3987.49834562,,-0.0032571795113458535,38.12962064497184
2024-09-17,60453.0,61355.5,58650.0,58697.5,7810.42453896,,0.029469067131671522,40.313439393891215
2024-09-18,62114.5,62631.0,59186.0,60453.0,11244.07664967,,0.027113252426849144,40.7947636912089
2024-09-19,63531.5,64150.0,61917.5,62134.5,9853.8074579,,0.022556389844405444,40.72265348804913
2024-09-20,63113.0,63725.0,62345.0,63532.0,6063.853235,,-0.006609075377685514,37.691957350998344
2024-09-21,62936.5,63596.0,62852.0,63112.0,1581.15023516,,-0.002800488940513546,38.06761987136668
2024-09-22,63552.5,64764.5,62359.0,62936.5,5246.08461057,,0.009740054390766417,29.593108553110397
2024-09-23,63569.0,63837.5,62710.5,63552.5,4437.66515362,,0.0002595941692433712,28.664957933641112
2024-09-24,63860.0,64843.5,62719.5,63568.5,6756.90818017,,0.004567257152624293,24.439054214037874
2024-09-25,63858.0,64014.5,62650.5,63860.0,4074.30971097,,-3.131899967456775e-05,18.56620236646612
2024-09-26,65484.5,65870.0,63616.0,63858.0,11388.43037523,,0.025151605128918675,20.173027625685975
2024-09-27,65875.0,66636.5,65346.5,65483.5,7619.18295215,,0.005945533445645523,17.947601880674625
2024-09-28,65490.5,66005.0,65447.0,65874.5,1751.34281565,,-0.005853912907310743,18.976653760941296
2024-09-29,64579.5,66105.0,64193.5,65490.5,3907.1585071,,-0.014008070989145693,23.172257531249166
2024-09-30,64031.0,64587.0,62851.5,64579.0,6537.62607471,,-0.008529681877099904,24.473414731800293
2024-10-01,61721.5,64102.5,60150.0,64031.0,12439.35248521,,-0.03673501058308126,36.206569256295104
2024-10-02,60910.0,62414.0,59987.5,61715.0,8287.82022136,,-0.013234965656495845,36.38895125924741
2024-10-03,61423.5,61494.0,59851.0,60910.0,7096.82456019,,0.008395133236255958,28.638096715851503
2024-10-04,62100.5,62491.5,60729.5,61423.0,5648.8456881,,0.010961542352161402,30.41972693746411
2024-10-05,61964.5,62391.5,61729.0,62100.5,1512.85364123,,-0.0021924000237767416,30.721706745252515
2024-10-06,63555.5,63979.0,61939.5,61965.0,4075.26337934,,0.02535189950428851,38.202334878523345
2024-10-07,62300.0,64476.0,62006.0,63555.0,7148.36951744,,-0.019952114123913844,40.17782016266986
2024-10-08,62259.0,63210.5,61831.5,62299.5,4461.64499733,,-0.0006583225857745845,29.194825929463963
2024-10-09,60844.5,62383.0,60247.0,62259.5,6244.1100269,,-0.022981674054738832,32.76443774976344
2024-10-10,60618.5,61288.5,58863.0,60844.0,8385.14983789,,-0.0037213021381923284,32.000533993650144
2024-10-11,62770.5,63434.5,60607.5,60617.5,5984.5768887,,0.034885090871670243,41.18713125471382
2024-10-12,62843.5,63486.0,62688.0,62770.5,1955.38576572,,0.0011622909583017815,41.073622163409865
2024-10-13,64605.5,64666.0,62059.5,62843.0,4542.24563398,,0.027652037638620897,41.89411797008048
2024-10-14,65646.5,66539.0,64341.0,64605.5,8456.24278327,,0.015984739820710914,38.128735621718796
2024-10-15,66972.5,67960.5,64683.0,65646.5,10733.20122158,,0.019997801069028043,38.365158408984136
2024-10-16,67285.5,68444.5,66922.0,66972.0,6217.17812263,,0.0046626728696228525,27.32670004978771
2024-10-17,67978.5,68360.0,66640.5,67285.5,7109.97547576,,0.010246718468543747,23.258331210646404
2024-10-18,68349.0,69030.0,67649.0,67978.5,4842.09252819,,0.005435453773822374,18.159820689741938
2024-10-19,68386.5,68465.5,68013.0,68349.0,1303.80697352,,0.0005485042427189057,18.38996045027716
2024-10-20,68508.5,69549.0,68237.0,68387.0,3761.04014751,,0.001782388433451132,14.031422168276977
2024-10-21,67378.0,68653.5,66573.0,68508.5,7073.38843175,,-0.01663927002165444,21.212957428256434
2024-10-22,66829.0,67845.5,66625.0,67378.0,5291.48103775,,-0.008181437068328634,17.49090691582435
2024-10-23,67078.0,67567.0,65200.0,66828.5,7177.51930473,,0.0037190032932237216,17.340443688874853
2024-10-24,67480.5,68841.5,66647.5,67077.5,8158.36696951,,0.005982545888727486,15.960021721876206
2024-10-25,66924.0,68748.0,65524.5,67480.0,10227.61915747,,-0.008281020057744115,15.639256070608607
2024-10-26,67130.5,67446.5,66661.0,66924.5,1638.32245064,,0.003080838962272736,16.090169924071546
2024-10-27,68372.0,68616.0,66962.0,67130.5,3297.49817621,,0.018324897936331297,22.153031987668996
2024-10-28,70983.5,71555.0,68188.5,68372.0,9470.63207068,,0.03748407157334199,30.67998297055115
2024-10-29,72224.5,73654.0,70904.0,70988.0,9431.80975351,,0.017331867850311156,28.205485018415544
2024-10-30,72416.5,72950.5,71414.0,72225.0,6688.00056639,,0.0026548504610968138,28.38459953882118
2024-10-31,69171.0,72686.5,68750.0,72416.5,11784.9274506,,-0.04585247433618456,50.19287686564717
2024-11-01,69774.5,71619.0,68762.0,69171.0,8961.14599438,,0.008686913863762413,49.24958785522372
2024-11-02,68341.0,69792.5,67798.0,69774.5,3940.1437798,,-0.02075873420750085,52.96541348375614
2024-11-03,68566.5,69477.5,67419.0,68341.0,6010.67611126,,0.003294197964644141,51.32944539338179
2024-11-04,68877.0,69197.5,66670.0,68566.0,9210.54117702,,0.0045182279005118176,41.403159399850196
2024-11-05,73432.5,75480.0,68611.5,68877.0,22930.2543061,,0.06404431175019454,63.887592432546036
2024-11-06,74839.5,76508.5,72738.0,73433.0,14154.11080479,,0.018979203550077983,65.00955529656217
2024-11-07,76395.0,76950.0,74576.0,74839.5,11829.25347556,,0.020571428540401726,49.40936097445057
2024-11-08,76602.0,77316.0,75680.0,76395.0,8945.41101322,,0.002705937061589836,49.99988467601792
2024-11-09,78898.0,79880.0,75800.0,76602.5,8955.78084987,,0.0295326929218227,41.62441888291155
2024-11-10,81225.0,81994.0,78588.0,78898.0,13141.30950176,,0.029067202567073736,39.22717145350605
2024-11-11,89192.0,90158.0,81126.5,81225.0,26471.74323094,,0.09356826791010597,59.505899956516416
2024-11-12,87475.5,90041.5,85198.0,89196.5,24780.26817563,,-0.019432595309019973,66.48346658092599
2024-11-13,90900.0,93574.0,87194.5,87475.0,21932.94632803,,0.03840124702718306,66.8916781975472
2024-11-14,87724.5,91850.0,86715.5,90900.0,15826.8047192,,-0.035558779359922355,81.2966700654781
2024-11-15,91183.5,92041.0,87446.5,87724.5,13651.8027873,,0.03867273783595415,80.85555200629909
2024-11-16,90612.0,91637.5,89412.0,91183.5,5891.06547874,,-0.006287305050175718,83.69257414910945
2024-11-17,91795.5,92505.5,88775.0,90615.0,7336.83971365,,0.012976622207812483,83.41194305042279
2024-11-18,91761.5,92730.5,89426.5,91795.5,11685.93603908,,-0.00037045713744454645,53.50026074041199
2024-11-19,92962.5,94136.0,91076.5,91763.5,15061.64852199,,0.013003366349760626,49.83840890283396
2024-11-20,97039.5,98064.0,92857.0,92962.5,18329.4814052,,0.042921926078674844,51.55515450289991
2024-11-21,99466.0,99674.5,95700.0,97039.5,16956.11670988,,0.024697765118073534,35.49320531565929
2024-11-22,98715.0,99797.0,97261.5,99466.0,9561.90137682,,-0.0075789666499748165,34.767877463495
2024-11-23,98520.5,99011.0,96335.5,98711.0,5429.44411669,,-0.0019722622250810673,33.55568621909878
2024-11-24,98197.5,98542.5,95829.0,98520.5,6930.83401725,,-0.003283891563230057,35.265008808061545
2024-11-25,93824.5,99029.5,92591.5,98197.0,16657.24851051,,-0.04555474085107214,53.46031776646127
2024-11-26,93625.5,94750.0,90753.5,93824.5,17953.8612349,,-0.0021232336597467594,52.881525576091626
2024-11-27,95386.0,97408.0,92861.0,93625.5,11966.78947382,,0.018629034884158457,43.19218573768761
2024-11-28,95709.5,96969.0,94693.5,95386.0,9715.50352724,,0.0033857449184360178,37.3942925215144
2024-11-29,96859.5,98800.0,95709.5,95709.5,10068.08905353,,0.011943912792489186,39.34062528517944
2024-11-30,96530.0,97193.0,95555.0,96860.0,3427.71617006,,-0.003407634011621141,39.33788726581173
2024-12-01,96077.5,98275.0,95843.5,96529.5,5619.5488079,,-0.004698683410669702,39.3592002050402
2024-12-02,95602.0,97469.0,94377.5,96077.0,10903.55539633,,-0.004961417109237587,17.67694335795334
2024-12-03,96740.5,96877.0,93631.5,95602.0,8467.89547422,,0.011838395533731116,18.23472764666456
2024-12-04,102418.5,104510.5,94681.5,96740.5,21991.87454063,,0.05703522447577214,41.87647817580457
2024-12-05,98240.0,103680.0,88888.0,102418.5,26988.42661347,,-0.04165389595128843,56.41570927957756
2024-12-06,99622.5,102136.0,97601.0,98239.5,11735.71663002,,0.013974578293799667,56.61431832795698
2024-12-07,99738.5,100524.0,99218.5,99622.5,3727.44135683,,0.001163718210591469,56.345159847253534
2024-12-08,99656.0,101509.0,98235.5,99739.0,6886.71996257,,-0.000827505319431765,56.021959745668035
2024-12-09,97242.5,100527.5,94000.0,99655.5,20642.93111442,,-0.024516396881821834,59.83466298006118
2024-12-10,97409.5,98405.5,94152.0,97242.0,11175.18182713,,0.0017158831244916684,59.310633576439045
2024-12-11,100531.0,102000.0,97373.0,97409.5,11660.58642053,,0.03154239582081253,46.02320389644834
2024-12-12,100112.5,102637.5,99129.5,100531.5,11287.06616057,,-0.004171583997472084,32.746343204912094
2024-12-13,101838.0,102699.5,99740.5,100112.0,9192.35617113,,0.017088761757648285,33.468023951438916
2024-12-14,101768.5,102817.0,100600.0,101837.5,4054.56714602,,-0.0006826894298495034,33.56085274683257
2024-12-15,104996.0,106645.0,101618.0,101768.0,8267.17425536,,0.031221628216185238,38.95394028700939
2024-12-16,106902.5,107856.0,103187.5,104996.0,9790.69105211,,0.01799494990613404,28.390451359231122
2024-12-17,104240.5,108400.0,102898.5,106902.5,11474.57201818,,-0.025216474671656997,39.64032452280605
2024-12-18,101627.5,105403.0,98701.5,104241.0,21582.25997008,,-0.025386561616866032,41.79900756059433
2024-12-19,97672.0,102810.0,95330.5,101627.0,20472.49273218,,-0.039699241444841604,51.50356126482569
2024-12-20,98973.5,99500.0,92140.0,97672.0,20922.3654705,,0.01323721116853882,50.63350316306465
2024-12-21,96083.5,99111.5,95844.5,98973.5,5645.20773728,,-0.0296345324501619,53.677681788954644
2024-12-22,95323.5,97279.5,93591.0,96083.0,9070.1795968,,-0.007941235106338596,42.45104605942419
2024-12-23,94091.0,96443.0,92375.0,95323.0,11035.24180134,,-0.013013970894386162,33.221690038221205
2024-12-24,98047.0,99461.0,93716.0,94091.0,9547.47187488,,0.041184556455691634,53.28042924277262
2024-12-25,97686.5,100036.0,97579.5,98047.0,6663.11808788,,-0.003683584134847706,51.43080826886565
2024-12-26,95078.5,97721.5,94512.0,97687.0,13312.49301048,,-0.027060505225975362,46.95574495938574
2024-12-27,94177.0,97443.5,93310.0,95077.0,8632.33115534,,-0.009526875767805976,44.74310744282681
2024-12-28,95152.0,95595.0,94041.5,94177.5,1983.8765479,,0.010299622552969012,41.69467704988198
2024-12-29,93579.5,95200.0,92889.0,95152.0,3478.1213798,,-0.01666427056245645,42.98409643980671
2024-12-30,92730.0,94936.0,91340.0,93579.0,7880.9110444,,-0.009119297589647246,42.50146386005197
2024-12-31,93527.0,96184.5,92729.5,92730.0,4999.18633752,,0.008558119849935153,25.376370244809955
2025-01-01,95748.5,95888.0,92776.0,93527.5,3207.10593053,,0.023474797479630993,33.609905291397276
2025-01-02,96288.5,97796.5,95545.0,95748.0,6586.27284249,,0.005623931047519903,26.914665324688293
2025-01-03,98264.0,98972.0,96079.0,96289.0,4532.05112227,,0.020308841047572912,27.87747518104242
2025-01-04,98249.0,98772.0,97559.5,98264.0,2142.88669715,,-0.00015266165626925954,27.93415368311793
2025-01-05,99365.0,99946.5,97280.0,98249.0,4175.59856313,,0.011294866399722991,21.573310734204913
2025-01-06,101688.5,102800.0,98624.5,99365.5,11168.07203133,,0.023114280001054865,17.704557341551993
2025-01-07,95589.5,102020.5,95220.5,101689.0,18696.32768237,,-0.061851237591975305,57.39242961099954
2025-01-08,93149.0,96094.5,92437.0,95589.0,11190.78032441,,-0.02586261977240767,57.80197178419516
2025-01-09,94499.5,94999.5,91206.5,93149.0,10299.71559774,,0.014394181863488953,59.01814998878433
2025-01-10,94239.0,95873.0,92230.0,94500.0,9591.45508966,,-0.002760434838863901,55.81596994139317
2025-01-11,94292.5,94967.0,93952.5,94239.0,1515.8598941,,0.0005675444308881339,55.86407271284928
2025-01-12,93531.0,95888.0,93249.5,94292.5,3112.2424449,,-0.008108720926474078,53.961503150782605
2025-01-13,94884.0,95494.5,89183.5,93531.0,11881.70414345,,0.014362160730831519,51.12349074489331
2025-01-14,97298.0,97718.0,94867.0,94884.0,7865.30416811,,0.025123341119329012,32.55685004204378
2025-01-15,99837.0,100936.0,96535.0,97298.5,9958.98862984,,0.02576042209662255,25.810656225851304
2025-01-16,101523.0,102175.0,97350.0,99839.5,10060.68313501,,0.016746517704197217,26.113635131868566
2025-01-17,102804.5,105991.5,101523.0,101523.5,11219.95489176,,0.012543752585123968,23.705523405972215
2025-01-18,105078.0,105551.0,102238.0,102804.5,5384.98000742,,0.021873805136518598,22.16320024759966
2025-01-19,107079.0,109797.0,99500.0,105077.5,20124.14209325,,0.01886394827785942,9.835135984381393
2025-01-20,101865.5,109199.5,100040.5,107094.5,28956.7441751,,-0.04991356411735026,51.37155329842202
2025-01-21,105096.0,107289.5,101622.5,101866.0,10139.9107927,,0.0312209024881156,52.62661807793327
2025-01-22,102654.0,105615.0,101518.5,105096.0,6919.83250638,,-0.023510108096639115,56.13704629151716
2025-01-23,105062.0,106921.5,101223.0,102653.5,20484.57349878,,0.02318654201496173,57.210688175047885
2025-01-24,104390.0,107186.5,104228.5,105062.0,7191.55356068,,-0.006416766665321205,57.30682111231362
2025-01-25,105036.5,105513.0,104147.5,104390.5,2187.42706147,,0.006174023379431404,55.10479077797665
2025-01-26,99029.0,105272.5,97711.0,105036.5,10062.35933986,,-0.05889517226752794,66.32757158110523
2025-01-27,102806.0,103421.0,98263.5,99028.5,11989.7589453,,0.03743098054449412,65.26537973374703
2025-01-28,102719.5,103780.0,100242.5,102806.0,6152.05298914,,-0.000841744748047546,60.24041870709381
2025-01-29,105153.0,105686.0,101434.0,102720.0,8520.42303246,,0.023414460083630573,60.17778148327404
2025-01-30,104205.0,106493.0,103950.0,105153.5,8029.94586826,,-0.009056319599233476,58.21215580509554
2025-01-31,102175.5,106073.0,101543.5,104204.5,7519.38415254,,-0.019668189809625147,59.70601432460463
2025-02-01,99606.0,102295.5,99017.0,102176.0,6134.86453822,,-0.025469519263335627,61.08432176354086
2025-02-02,95390.0,100062.0,91087.0,99605.5,22496.63718481,,-0.0432486525828768,53.685660716448055
2025-02-03,98557.0,102576.0,94261.0,95389.5,17110.50637002,,0.032661309853148524,51.436945787129396
2025-02-04,97929.0,100867.0,96186.0,98550.0,11867.3922135,,-0.006392334705171976,51.25219984724212
2025-02-05,98257.5,99216.5,96177.0,97929.0,5819.50529739,,0.0033488574087048306,45.809872485010615
2025-02-06,96757.0,99200.0,95688.0,98257.5,7795.89262623,,-0.01538890299995721,45.98454014255689
2025-02-07,96202.0,100200.0,95660.0,96757.5,8772.59273048,,-0.005752533237499691,45.40832883767124
2025-02-08,97106.5,97355.0,95676.0,96201.0,2312.2467514,,0.009358166878099539,44.49518564393368
2025-02-09,97465.0,97680.0,94728.0,97107.0,4011.2540089,,0.003685024843667506,29.429788801506906
2025-02-10,98302.5,98550.0,96887.0,97465.0,3569.62662895,,0.008556119981564692,17.35985137405717
2025-02-11,96097.0,98362.5,94829.5,98303.0,7078.63849213,,-0.02269136117249282,23.650042485692357
2025-02-12,96067.5,98164.0,94054.5,96097.0,7501.77640946,,-0.0003070286159161384,23.224946644703103
2025-02-13,96964.0,97285.0,95233.5,96067.0,4042.25337855,,0.009288706204223729,22.171556250595533
2025-02-14,97431.0,98945.0,96304.5,96964.0,5256.77379887,,0.00480465956821341,21.72286885743149
2025-02-15,97276.5,97978.0,97235.0,97431.5,1652.16692234,,-0.0015869962115111491,20.829752041411208
2025-02-16,96073.5,97414.0,95806.5,97276.5,2693.50099036,,-0.0124439154256617,22.407913752367126
2025-02-17,95469.5,97074.5,95213.0,96073.5,3356.18784425,,-0.006306698777605035,20.625989020380498
2025-02-18,95693.5,96743.0,93342.5,95461.5,4624.66614071,,0.0023435508181162135,13.722950217897372
2025-02-19,96904.0,97425.0,95417.0,95693.5,4238.83432577,,0.012570422147460292,16.71510207877935
2025-02-20,98255.5,98785.0,96834.5,96904.0,5230.96892863,,0.013850431111833927,18.300941951951206
2025-02-21,96294.0,99555.0,94775.0,98256.0,12259.29331474,,-0.020165217259259904,23.90588531794821
2025-02-22,96550.5,96998.0,96112.5,96294.0,3335.45341286,,0.0026601759579438777,24.11144513827046
2025-02-23,95897.0,96563.0,95113.0,96550.5,2694.19973337,,-0.006791488710963023,22.79918528149748
2025-02-24,89322.5,96179.5,88166.0,95897.5,11063.93067803,,-0.07102128298166299,56.3863062239535
2025-02-25,88642.5,89986.5,85947.0,89317.0,14783.20097314,,-0.007641989260024573,55.56461852095242
2025-02-26,86208.5,89260.5,82156.5,88642.5,15691.52246755,,-0.027842645875526983,52.7572865360877
2025-02-27,79123.5,87009.5,78765.5,86208.5,24232.52014742,,-0.08575885775816516,65.21965905317917
2025-02-28,84693.0,86510.5,78135.0,79124.0,14366.63668722,,0.06802303067597926,97.28639358048486
2025-03-01,86198.0,86544.0,84303.5,84693.5,3717.7022501,51.87,0.017614021929677648,99.81632560383503
2025-03-02,92350.0,95030.0,84997.5,86198.0,19071.70490916,55.47,0.06893873110091597,117.5621733665767
2025-03-03,83105.0,93705.0,82322.0,92350.0,18405.42443033,59.48,-0.10548083812217435,131.11799954806608
2025-03-04,87585.5,88928.0,81388.0,83105.0,15099.12397652,62.07,0.052510590604322616,138.8296356059307
2025-03-05,91302.5,92819.0,87575.5,87580.0,11382.91695443,57.6,0.04156271035493653,139.925096211186
2025-03-06,88346.5,91647.5,84576.5,91303.0,16541.76002423,60.15,-0.03291158666827876,122.44953610447871
2025-03-07,86179.0,91114.0,85158.0,88346.5,12444.3601394,54.32,-0.024840054314013926,116.55289482198879
2025-03-08,85965.5,86576.0,85627.0,86179.0,1975.41865824,52.66,-0.0024804755245497745,115.86733965902911
2025-03-09,82285.0,86052.5,79962.0,85965.5,8762.43537907,59.1,-0.043757221928144574,102.67546506744476
2025-03-10,80371.0,84032.5,76554.0,82285.5,17999.81525205,59.57,-0.0235354164464745,71.90820128273863
2025-03-11,82368.0,83748.5,79027.0,80365.5,10998.39846921,59.9,0.02454359737279077,60.2434142440267
2025-03-12,83137.0,84424.0,80595.0,82367.5,8625.56647694,56.89,0.009292837485579852,46.86096010343032
2025-03-13,82178.5,83844.5,79888.0,83137.0,8738.37457626,55.42,-0.011596138786767796,43.891189708732284
2025-03-14,83823.5,85313.0,82171.5,82179.0,6224.96052724,53.27,0.01981968709680615,46.6743115585135
2025-03-15,84258.5,84489.0,83611.0,83823.5,1878.19936117,53.46,0.00517605658183129,47.14692024343944
2025-03-16,83547.5,85111.5,81946.0,84258.5,5213.582175,55.27,-0.008474121959661574,33.41488989675889
2025-03-17,83135.0,84746.5,82220.0,83537.5,6009.86795376,52.86,-0.004949539899106625,26.744806345397215
2025-03-18,83155.0,83442.5,81108.0,83135.0,4627.28206034,52.0,0.0002405436297596708,20.98486857592158
2025-03-19,85830.5,87500.0,83168.0,83168.5,9813.95826623,54.02,0.031668085060006845,30.28890380932764
2025-03-20,83866.5,86516.5,83578.0,85827.5,8106.42318836,49.01,-0.023148172307308812,34.84257514258518
2025-03-21,84215.0,84555.5,83120.0,83866.5,4475.86537711,47.56,0.00414680377554788,31.93025218882479
2025-03-22,84265.0,84477.0,83658.0,84214.5,1261.95507559,48.88,0.00059354227763464,31.707152322506094
2025-03-23,86907.5,87300.0,84252.5,84265.5,4447.46690224,47.66,0.03087773971816965,37.504122087424214
2025-03-24,86461.0,88770.5,86325.0,86907.5,7113.08189692,47.32,-0.005150889431453365,37.53894915564525
2025-03-25,88190.0,88580.0,86436.5,86461.5,6217.14027084,46.99,0.019800132685389826,38.48407310924279
2025-03-26,87387.0,88319.5,85876.0,88190.5,5157.33487741,47.27,-0.009147047720466261,34.55592693535447
2025-03-27,85150.0,87780.0,85042.5,87387.5,9405.05961096,46.61,-0.02593212307092685,35.85046376915573
2025-03-28,83690.0,85577.5,83550.0,85150.0,6655.38033884,49.93,-0.017294911063913787,38.38495109770145
2025-03-29,83001.0,83893.5,81580.0,83690.0,3609.94574745,52.69,-0.008266840127992836,38.70802086603168
2025-03-30,81914.0,83477.0,81231.0,83001.5,4278.53319172,53.73,-0.013182739495432472,27.19501237943678
2025-03-31,83481.5,83931.0,81283.0,81920.0,7197.70788326,51.02,0.018955134001870988,33.75548753473253
2025-04-01,84417.0,85574.0,82522.0,83481.5,5660.56893445,49.55,0.011143752696982645,30.285457910217595
2025-04-02,83473.0,88552.5,82146.5,84415.0,12317.85686008,52.61,-0.011245576846762972,30.44521660259754
2025-04-03,84004.5,84020.0,81190.0,83472.5,8325.59017592,52.64,0.006347142563539521,26.624580169871642
2025-04-04,83476.0,84723.0,81633.5,84004.5,8436.66406322,55.33,-0.006311203444404612,23.80147458436252
2025-04-05,83003.5,83872.5,82363.5,83476.0,2081.1212443,57.1,-0.005676389810359339,23.347532190256263
2025-04-06,75057.0,83147.0,74405.5,83003.5,14612.64052074,59.59,-0.10063495069967132,77.04569445002821
2025-04-07,79492.5,81224.5,75034.5,75061.0,17126.65371057,52.79,0.05741485270483082,90.43593651460264
2025-04-08,77638.0,80357.5,74543.0,79492.5,11638.96444326,56.84,-0.023605679535934954,89.67403568647379
2025-04-09,81576.5,83580.0,75749.5,77638.5,15666.25303959,53.04,0.04948423224539411,100.08605899441878
2025-04-10,81217.5,82430.0,78425.0,81576.5,10024.86634055,53.56,-0.00441048910833608,99.75728976624532
2025-04-11,83729.5,84275.0,80756.0,81217.0,8275.32867667,56.15,0.030460623434702683,102.90703613356573
2025-04-12,84454.0,86127.5,83307.5,83730.0,5033.72308966,57.45,0.008615642813813551,102.90835376185647
2025-04-13,84582.0,85526.0,83017.0,84454.0,5926.78600923,56.29,0.0015144705798206815,56.712447653427745
2025-04-14,85731.5,85860.0,83703.0,84582.5,6413.3643096,53.31,0.013498841313008825,45.45482036831349
2025-04-15,83342.0,86485.0,83100.0,85734.0,6580.51709085,50.39,-0.028267695543339855,47.67171520195488
2025-04-16,84699.5,85549.5,83115.0,83342.0,5936.09293708,49.58,0.01615707466635108,35.43899735507897
2025-04-17,84656.0,85450.0,83736.0,84699.5,4364.289238,48.41,-0.0005137122910880976,34.89247591643979
2025-04-18,85231.5,85269.0,84270.0,84656.5,2050.35871481,46.9,0.006775097654379891,28.335766747901953
2025-04-19,84796.5,85650.0,84702.5,85231.5,1584.55010211,48.29,-0.005116815454980994,28.279594208418875
2025-04-20,87454.5,87760.0,83960.5,84796.5,4227.91580587,48.2,0.030864389755507204,35.809738031521626
2025-04-21,88518.0,88884.0,86397.5,87454.5,6553.43515416,49.16,0.012087263046803187,35.61442102660868
2025-04-22,94145.5,94256.0,88288.0,88518.0,12227.61552684,52.69,0.06163553672730693,43.486643158285034
2025-04-23,92184.0,94700.0,91955.5,94145.0,7623.06513336,49.42,-0.02105487817907914,51.671782053198655
2025-04-24,93805.5,94425.0,91670.5,92184.5,7081.28555264,46.96,0.01743690997593461,50.62193115548129
2025-04-25,94634.0,95838.0,93615.0,93805.5,6714.67113116,46.45,0.008793329832416319,50.451359685054385
2025-04-26,94078.0,95325.0,93722.0,94634.0,2190.09389901,47.42,-0.005892594099112358,50.641813521932754
2025-04-27,94743.0,94837.0,92821.5,94077.5,3133.9040468,48.12,0.007043737184456944,48.94902402918368
2025-04-28,94932.0,95657.5,93451.5,94743.0,5363.20671832,47.05,0.001992883221850761,49.40784845071602
2025-04-29,94642.0,95500.0,93769.0,94932.0,4315.52123159,46.17,-0.0030594936669796624,23.636604590432864
2025-04-30,95060.5,95247.5,92907.5,94642.0,4778.41776677,45.07,0.0044121788476445545,14.873006909871119
2025-05-01,96401.5,97523.5,94939.0,95055.5,8344.18429468,46.11,0.014008230653493214,13.149463252520995
2025-05-02,96371.0,97947.0,96175.0,96401.5,5042.71422345,44.54,-0.00031643517881896344,12.725659673385387
2025-05-03,95900.0,96545.5,95610.5,96370.5,2545.72835781,44.9,-0.004899344593205512,12.336770450540941
2025-05-04,94762.5,95940.0,93510.0,95898.5,3633.9150835,46.35,-0.011932220506970737,15.511259317121459
2025-05-05,94391.0,95198.5,93614.0,94762.0,4480.52606283,45.0,-0.003928031759066641,15.643992679067395
2025-05-06,96988.0,97749.0,93324.5,94391.0,6627.34771718,46.66,0.02714152988694174,25.256891851888575
2025-05-07,99298.5,99450.0,95812.0,96988.0,6616.67224959,44.8,0.02354320568655588,29.155278525897316
2025-05-08,103643.0,104378.5,99125.5,99298.0,12335.9724183,45.88,0.042821836430878335,39.440790434968456
2025-05-09,103810.0,104129.0,102358.0,103643.0,5304.39043364,45.78,0.0016100035774222476,39.14737823437182
2025-05-10,103446.5,105051.0,103067.5,103809.5,4245.10724398,47.13,-0.003507734355396863,38.823275247971964
2025-05-11,104476.5,105904.0,103446.5,103446.5,5755.83863271,47.13,0.009907594882950121,33.93165071052574
2025-05-12,102683.5,104750.0,100761.0,104476.0,9298.1917983,45.44,-0.017310723828423136,39.18794057349994
2025-05-13,103723.0,105111.0,102592.5,102692.5,5371.46416011,45.71,0.010072442374113422,37.06447224554835
2025-05-14,101823.0,104400.0,101781.0,103723.5,4963.68872311,44.79,-0.01848787247867989,39.76743417343184
2025-05-15,103720.5,104555.5,101405.0,101823.0,9546.49477475,43.57,0.018463769530164598,26.98251303071449
2025-05-16,103491.5,104592.0,102591.5,103721.0,4836.40657789,42.62,-0.0022102976008149255,26.99405645195279
2025-05-17,103948.0,104000.0,102685.0,103491.5,2074.0875857,43.13,0.004401290370623201,27.051178201886227
2025-05-18,103267.0,107200.0,102090.5,103948.0,9321.8908843,44.93,-0.0065729069012796515,26.240866592016665
2025-05-19,105104.5,106917.0,102200.5,103267.0,6594.71186483,44.02,0.017637226133267347,25.69267199549839
2025-05-20,106603.0,108095.5,104230.0,105104.5,6898.40159021,47.3,0.014156560593189482,26.50129445249318
2025-05-21,111121.5,111955.0,106160.0,106603.0,15181.54300087,49.13,0.04151254335019772,30.72858844782209
2025-05-22,110744.0,112059.0,110333.0,111121.5,9187.76326449,49.0,-0.003402965889630849,32.163350650855385
2025-05-23,107600.5,111398.5,106808.0,110744.5,8409.6541281,47.68,-0.028795936828396762,42.1578320587092
2025-05-24,107689.0,109495.0,107235.0,107601.0,3238.93613951,47.53,0.0008221488273694177,42.29678492343151
2025-05-25,110185.0,110292.0,106567.0,107689.5,4351.89022515,48.96,0.02291332791731371,42.72426509603225
2025-05-26,109599.5,110532.5,107590.0,110185.5,5564.51350437,47.13,-0.0053279588420060975,43.20170908586544
2025-05-27,108869.5,110871.0,108424.0,109599.0,7776.96475266,46.16,-0.006682895210587958,43.42332742129074
2025-05-28,107928.5,109146.5,106787.0,108869.5,7819.86543212,45.24,-0.008680946405233314,29.1150564771473
2025-05-29,105075.0,108968.5,104550.0,107928.5,11394.47917503,44.61,-0.02679458995271311,33.33627627655208
2025-05-30,103772.0,106019.5,103123.5,105075.0,7749.56975828,43.71,-0.0124781960666418,28.766068493090135
2025-05-31,104313.0,105002.5,103309.0,103772.0,2769.72170866,45.88,0.0051998098754229005,29.48599967609412
2025-06-01,105434.5,105930.5,103801.0,104313.5,3529.4168088,45.13,0.010693912326509292,23.215978749121806
2025-06-02,105227.0,106594.5,103680.0,105435.0,6096.23064865,42.97,-0.0019699856604660226,23.426813519712418
2025-06-03,105369.5,106919.5,104976.0,105227.5,4892.90669778,42.83,0.0013532990505353837,23.95860923742915
2025-06-04,104548.5,106054.0,104210.0,105370.0,4060.08594701,42.18,-0.007822141847114494,23.87899903348871
2025-06-05,103188.5,105960.0,100418.0,104549.0,11186.71594574,42.76,-0.013093665839731372,17.23963504265536
2025-06-06,104942.0,105411.0,103189.0,103189.0,4133.61685824,40.53,0.01685040385688552,19.819493750497834
2025-06-07,105517.0,105977.5,104779.0,104942.0,1460.33549219,41.99,0.005464260789057818,19.84959690892478
2025-06-08,105650.0,106552.0,105067.5,105517.0,2480.82596446,42.52,0.0012596666864279626,18.34355488496555
2025-06-09,109292.0,110741.5,105593.5,105650.0,7904.87240285,42.61,0.03389145539502536,30.139432344200667
2025-06-10,109498.5,110420.0,108389.0,109320.0,5314.03816456,42.51,0.00188765107550104,30.09806970256379
2025-06-11,107651.5,110445.0,107362.0,109498.0,6336.90528807,40.95,-0.017011692773779785,33.14781304999892
2025-06-12,104946.0,108460.0,102740.5,107651.5,12687.09720733,39.77,-0.025453225605829743,37.92303780439088
2025-06-13,105112.0,106268.5,104151.5,104946.5,6783.44839209,40.72,0.0015805161865394268,35.9375583710147
2025-06-14,105502.5,106184.5,104356.0,105112.5,2622.39656994,41.0,0.0037082009783020453,35.80412664706218
2025-06-15,107099.5,107320.0,104520.5,105503.0,3876.8462952,42.32,0.015023659590902128,37.445189476385586
2025-06-16,106810.5,108997.5,106178.5,107099.5,6991.09178215,41.73,-0.002702072608453676,26.04092008771176
2025-06-17,104991.5,106878.0,103364.0,106810.0,6582.97237932,41.62,-0.017176841800521814,27.345161460980954
2025-06-18,104646.5,105354.5,103505.0,104991.5,5234.76237022,39.69,-0.003291390983084952,25.732693349737012
2025-06-19,105827.5,105850.5,103951.0,104647.0,4143.35778516,40.21,0.011222406518676564,20.205032798345176
2025-06-20,103472.0,106539.0,102336.0,105827.5,6256.5566335,40.67,-0.022509365331105258,26.44879219811207
2025-06-21,102444.0,104002.5,100911.0,103472.5,5577.85056508,41.01,-0.009984736888066337,26.42160325370272
2025-06-22,101955.5,102847.0,98221.0,102445.0,9963.72311792,41.75,-0.00477986423711485,20.96070691372373
2025-06-23,105054.0,106111.0,99672.0,101955.0,11677.06680751,39.86,0.029938060093179786,34.15857967235023
2025-06-24,106676.5,106882.0,104725.5,105054.5,7500.0985608,39.05,0.015326386704421324,33.64646865121981
2025-06-25,107915.0,108399.5,106411.0,106676.5,5724.04996884,38.4,0.01154298983427715,33.85814337050467
2025-06-26,106899.5,108270.0,106474.5,107914.5,9165.41598803,38.25,-0.00945473945934694,34.60515192993229
2025-06-27,107563.5,107817.5,106407.0,106900.0,5137.32699414,38.1,0.00619223009735137,28.12023674473648
2025-06-28,107478.0,107602.5,107157.5,107563.5,861.85342093,37.71,-0.0007951953879175022,25.71389921572812
2025-06-29,107678.5,108849.0,107313.0,107482.0,2947.51201951,39.34,0.0018637601749240673,24.293852554119038
2025-06-30,107206.5,108016.0,106629.5,107678.5,3469.56407421,37.74,-0.004393054509071348,16.737519203894596
2025-07-01,107150.5,107259.5,105114.0,107206.5,5767.81052038,37.61,-0.0005224928625988667,13.094139979320978
2025-07-02,109380.0,109906.0,107150.5,107150.5,8909.81878687,39.6,0.020593669654353164,18.28393819137136
2025-07-03,108773.5,110638.0,108773.0,109380.5,7205.26890464,39.08,-0.005560319340313313,16.978952435698222
2025-07-04,108095.5,109131.0,107316.0,108773.0,5219.15030568,39.21,-0.00625264292173533,17.688227265170884
2025-07-05,108097.5,108290.0,107931.5,108115.5,823.71713933,38.54,1.8501986652097457e-05,17.655979514867585
2025-07-06,109119.5,109772.5,107867.0,108097.5,3248.68099364,38.98,0.009410014329986893,18.734998639548323
2025-07-07,108491.5,109185.5,107356.5,109119.5,3891.55821759,38.71,-0.005771783075346093,19.04064447466294
2025-07-08,108761.0,109297.0,108125.0,108498.0,4329.79996525,37.77,0.002480985380950429,18.95047703699697
2025-07-09,111335.0,112118.0,108522.5,108769.5,7649.80847329,38.77,0.023390859977599376,20.64056041517181
2025-07-10,117660.0,118497.0,110570.5,111335.0,17098.55186421,38.62,0.05525543517988929,41.90325969774503
2025-07-11,117820.0,118981.5,116695.0,117660.5,7114.99612244,37.94,0.0013589266572306968,40.30253608867354
2025-07-12,118065.0,118288.0,117012.5,117820.0,2443.79764583,38.2,0.0020772841689815635,39.94653724365614
2025-07-13,122806.0,123470.0,117775.5,118064.5,11496.98592905,39.24,0.039370554191764384,44.13034702636415
2025-07-14,116800.0,122874.0,116307.0,122844.0,11753.78426406,39.64,-0.05014280406015992,64.78377653449394
2025-07-15,118240.5,118527.0,115693.5,116800.0,8769.28739309,39.93,0.012257615484239537,64.42745433036366
2025-07-16,118374.0,120187.5,117753.0,118240.5,8762.711403,39.07,0.0011284178625210473,64.02437654443975
2025-07-17,119520.0,121108.5,117490.0,118374.5,12091.13370138,39.47,0.009634617643619947,51.02439397473152
2025-07-18,118291.5,119636.0,116747.5,119520.0,8529.30348845,38.6,-0.01033180420728641,51.839131935322534
2025-07-19,118138.5,118648.0,117390.0,118291.5,2329.66287688,38.85,-0.0012942521791430295,51.83668732803204
2025-07-20,119465.5,119767.0,116576.0,118126.5,4661.49330755,39.23,0.011169961761902769,41.88005232958598
2025-07-21,118058.0,119591.5,116216.0,119466.0,8589.05942686,39.28,-0.011851597629640054,19.130471573425726
2025-07-22,118437.5,120350.0,117568.5,118057.5,8423.55482757,39.88,0.0032093661464038803,17.04617968272823
2025-07-23,118511.5,119350.0,117188.0,118438.0,8938.10264187,39.58,0.000624607003244293,17.034044770359536
2025-07-24,115272.5,119612.0,114686.0,118512.0,18226.51141723,40.22,-0.027711111691964163,24.231411977125266
2025-07-25,117427.0,117842.5,115000.0,115272.5,9779.52965837,40.06,0.018517973328167514,28.98177380825399
2025-07-26,118191.0,118545.0,117427.0,117427.5,1941.55576412,38.95,0.006485096024865911,29.481640664429214
2025-07-27,118925.5,120072.0,117942.5,118191.5,5301.81799033,39.37,0.00619528669890812,28.545557614720067
2025-07-28,118931.0,119350.0,117450.0,118925.5,6598.51057138,38.27,4.62463712462835e-05,26.95310653402998
2025-07-29,118140.0,119116.0,116939.5,118931.0,4811.40720385,35.18,-0.006673131132123089,27.412789686619327
2025-07-30,118709.5,119022.0,115735.5,118140.0,6002.89954115,36.13,0.004808970232407006,27.669471888986223
2025-07-31,115063.5,118886.0,114286.5,118709.5,9799.44155778,36.73,-0.031195182227122586,29.839673879802138
2025-08-01,113929.5,115992.5,112683.0,115063.5,8460.65509134,38.42,-0.009904313843684065,25.73528962484518
2025-08-02,113645.0,113972.0,111875.0,113929.5,3268.36151159,37.67,-0.0025002814305672416,24.213318358907397
2025-08-03,114672.0,115055.0,113501.0,113649.5,3531.5982376,38.03,0.008996324641440623,25.111436253971846
2025-08-04,113991.5,115768.5,113684.5,114672.0,3317.44874531,36.89,-0.005951995040415881,24.719142521980007
2025-08-05,114240.5,115106.0,112680.0,113991.0,5199.19888214,36.01,0.0021819911212492826,25.403081940713644
2025-08-06,114851.5,115756.5,113611.5,114240.0,4401.04712652,34.88,0.005334114231136056,25.526389118086147
2025-08-07,116903.5,117711.0,114851.5,114851.5,7626.671932,35.66,0.017708818586053,17.98250153211634
2025-08-08,116818.5,117350.0,115953.5,116904.0,4385.53969941,34.4,-0.0007273598869375064,15.21163601684757
2025-08-09,117850.0,118842.5,116488.0,116818.5,4747.60237935,35.07,0.008791181119491398,14.641722011291666
2025-08-10,121589.5,122364.0,117690.0,117872.0,8423.51754805,35.43,0.031237987737453565,23.985750581175143
2025-08-11,119040.0,121850.0,118123.0,121589.0,7544.30251701,36.56,-0.021191046034811478,31.014647638485926
2025-08-12,119646.0,120363.5,118241.5,119040.0,5543.07463474,36.94,0.0050778118708283415,30.857039365040386
2025-08-13,121841.0,124617.0,119500.5,119637.5,12417.71779893,39.0,0.018179533082841814,31.911451375197124
2025-08-14,119081.5,122110.0,117246.5,121841.0,19089.95847922,36.95,-0.02290878339648117,37.68977605893738
2025-08-15,117660.0,119274.5,116662.0,119082.0,7544.57761954,35.37,-0.01200902320566044,39.15436685903625
2025-08-16,118088.0,118267.0,117230.5,117660.5,1898.38409093,35.38,0.003630999798385659,38.70650277236435
2025-08-17,115294.0,118669.5,114924.5,118088.0,5150.65948211,35.83,-0.023944721475032793,31.750212385108117
2025-08-18,114980.5,117033.0,114390.5,115294.5,6393.04697369,35.99,-0.002722838991610743,29.67194600516907
2025-08-19,113469.0,115900.0,112552.0,114994.0,8984.510828,37.87,-0.013232876906076996,28.83921548131465
2025-08-20,113935.5,114840.0,112336.5,113479.5,8445.19832135,36.02,0.004102826939572424,22.225582511943653
2025-08-21,113083.0,114013.0,112000.0,113935.5,9024.72959708,37.25,-0.007510436437726753,19.182470035056905
2025-08-22,115797.0,117510.5,111676.0,113083.0,11580.96059455,34.53,0.023716595703737298,28.85191094113429
2025-08-23,114897.5,115887.0,114600.0,115797.0,4643.22501991,34.97,-0.007798231500038,28.606798124938937
2025-08-24,111494.5,115033.0,110555.0,114898.0,10383.55229174,35.07,-0.030065164238241238,31.417350455654386
2025-08-25,110291.0,112978.0,108670.5,111494.5,11598.83897696,37.93,-0.010852935047161338,31.640102022921674
2025-08-26,110746.5,112441.0,109373.5,110291.0,10072.5207873,36.92,0.0041214784349463685,31.69121411228516
2025-08-27,113213.5,113420.0,110400.0,110746.5,9353.64916088,37.91,0.022031610891884768,36.56661863115595
2025-08-28,109990.5,113516.5,109837.5,113213.5,12244.35399598,36.95,-0.028881418182450602,41.79631772701324
2025-08-29,108474.0,111557.0,107333.0,109990.0,10549.67280215,38.98,-0.013883485498565662,34.89903701264801
2025-08-30,108740.5,109509.5,108220.0,108474.0,3289.85577617,38.85,0.002453796903235883,35.942810139947476
2025-08-31,109487.0,109487.0,107280.0,108741.0,5231.94640936,39.62,0.006841510916249405,31.70810051197887
2025-09-01,110238.0,110640.0,107485.0,109487.5,6591.65429352,39.5,0.00683584411823368,31.477717548421975
2025-09-02,111150.0,111826.0,108399.0,110238.0,9083.2698516,38.8,0.008238975544553995,31.94805043344476
2025-09-03,110489.0,112641.5,110342.5,111149.5,6717.00339363,38.85,-0.005964671918892606,26.3936052785178
2025-09-04,113000.0,113026.5,109359.5,110489.0,9731.59307169,38.48,0.022471850221027267,22.01434338940962
2025-09-05,110859.5,113419.5,110213.0,113000.5,9145.07376883,37.49,-0.01912418492388923,24.739931312214967
2025-09-06,110764.0,111090.5,109986.5,110859.5,2480.19231939,37.76,-0.0008618220171676683,24.908509291755802
2025-09-07,111292.5,111660.5,110640.5,110775.5,2289.21207065,37.9,0.004760058794969879,24.739391125201426
2025-09-08,113047.5,113317.5,111168.5,111292.5,7051.60150157,37.08,0.015646213804403786,26.47151343379104
2025-09-09,112589.5,113196.0,110792.0,113047.5,6492.19173852,37.36,-0.004059623457209227,26.648148875171373
2025-09-10,114150.0,114486.5,112158.0,112589.5,7282.65314904,36.95,0.013764912062356416,26.94047435430103
2025-09-11,115200.5,116418.5,113465.5,114149.5,8925.47591857,35.26,0.009160715554344279,23.01434684244377
2025-09-12,115891.0,116806.0,114820.5,115201.0,5754.34028065,34.66,0.005976005651127991,13.784263064826707
2025-09-13,115895.0,116283.0,115228.0,115891.0,2163.39297852,34.28,3.451459536307766e-05,13.511844131726663
2025-09-14,115893.0,116836.0,114900.5,115895.5,3501.12307867,34.41,-1.7257148773097697e-05,14.296966379470764
2025-09-15,115868.5,116064.0,114451.0,115893.5,4162.21760855,35.56,-0.00021142424510856017,12.053882214784494
2025-09-16,117266.5,117348.0,114790.0,115880.0,6811.5251267,36.52,0.01199319498949869,11.471947849013977
2025-09-17,117140.5,117993.5,114783.0,117266.5,8910.06410109,35.55,-0.0010750533229408887,10.143362548319361
2025-09-18,116964.5,118011.0,116739.0,117141.0,6614.80973605,33.81,-0.0015035990957770196,9.55319050220035
2025-09-19,116016.5,117144.5,115185.0,116964.5,5190.9343275,34.78,-0.00813804758320913,11.392715261262389
2025-09-20,115864.5,116155.0,115561.0,116016.5,1930.13300675,34.48,-0.0013110174768193872,11.44266587273209
2025-09-21,112622.0,115872.0,111720.5,115865.0,6976.42169449,34.51,-0.028384326389703673,23.448265690508904
2025-09-22,113160.0,113569.5,111544.0,112627.0,6858.30925182,35.17,0.004765667929559569,24.21207361617738
2025-09-23,112618.5,113393.0,111108.0,113160.5,6235.43399334,37.14,-0.004796745821860071,20.47428304724789
2025-09-24,111825.5,114013.0,111552.0,112618.0,7600.94841025,36.17,-0.007066380030513741,20.090658984920882
2025-09-25,109350.0,112319.5,108718.5,111825.5,16490.61526934,37.69,-0.022385873458215855,22.375870998478916
2025-09-26,109479.5,110370.5,108657.0,109350.0,7865.09610315,36.55,0.001183569995063749,23.722508700439885
2025-09-27,109556.5,109843.5,109148.0,109478.0,1881.35245046,36.42,0.0007030808010721756,24.123895352764908
2025-09-28,111948.5,112417.0,109259.0,109557.0,3712.64937137,35.86,0.02159854619731938,25.393977398542194
2025-09-29,113820.0,114875.0,111950.0,111950.0,6442.28609006,36.39,0.01657930905874494,28.256681916005927
2025-09-30,114611.0,114777.0,112745.5,113820.0,5691.789225,36.61,0.006925532537691126,28.103915303070025
2025-10-01,118674.5,119541.0,114577.5,114611.0,10249.22800768,37.12,0.03484066552856113,34.89309131581899
2025-10-02,119788.0,121151.0,118463.5,118674.5,8949.88044535,37.39,0.009339062478167293,23.46233913396545
2025-10-03,122502.0,124036.5,119400.5,119788.0,10553.18720781,38.03,0.022403842662720663,21.899267339731058
2025-10-04,124785.5,125918.0,121627.5,122502.0,7104.19898012,38.03,0.018468906905669158,17.672151278162747
2025-10-05,123492.0,124908.0,122383.5,124785.5,7169.75355376,37.95,-0.010419886645831156,27.01493726648944
2025-10-06,123777.5,126307.0,123492.0,123492.5,7968.56512711,39.26,0.0023092223413652135,28.134448684014174
2025-10-07,121637.5,125271.5,120656.5,123777.0,9306.11556429,39.28,-0.017440288835212314,35.369295185809776
2025-10-08,121935.5,124275.0,121538.5,121637.5,6287.50739838,39.44,0.002446906255501702,27.568289822423157
2025-10-09,120949.5,123840.0,119737.0,121935.5,13284.84264882,39.73,-0.008119113295762759,28.334122088179775
2025-10-10,110494.0,122588.0,101773.5,120949.0,46385.49413651,44.11,-0.09041188226679786,67.47834895366674
2025-10-11,111651.0,112645.0,109705.0,110493.5,9190.3553943,46.15,0.01041671396568944,65.28256348944133
2025-10-12,115495.0,116072.5,111234.0,111651.0,10672.70371373,46.24,0.03384930417477783,74.68750732758765
2025-10-13,111790.5,115999.5,111457.0,115498.0,10509.27021251,43.38,-0.03260065503731013,75.56045335869698
2025-10-14,112684.5,113701.5,109937.5,111790.5,11011.36233999,45.01,0.00796529436877691,77.17924262082396
2025-10-15,110637.5,113607.0,110230.0,112684.5,7889.61959307,45.25,-0.018332787017987684,76.44472498891149
2025-10-16,105597.5,112130.0,105511.0,110630.0,18178.03025193,47.78,-0.04662439454549805,79.66504621209363
2025-10-17,106824.5,107619.5,103495.5,105597.0,13330.8638291,50.0,0.011552604217332174,54.37910988815946
2025-10-18,106812.5,107430.0,106555.0,106824.5,2550.89477572,49.08,-0.00011234009101990239,53.100319906503216
2025-10-19,111249.5,111466.0,106133.0,106812.5,7721.87646224,47.68,0.040700465778417794,56.38287364726365
2025-10-20,108119.5,111800.0,107478.0,111249.5,8731.88739734,45.95,-0.02853832974797932,55.25349166553435
2025-10-21,108350.0,114149.5,107525.0,108119.5,17191.2122838,49.27,0.0021296310761194093,54.5919845565778
2025-10-22,109300.0,110390.5,105888.0,108358.0,11514.83541831,50.7,0.008729667200125135,54.249843371668916
2025-10-23,111138.0,111623.0,108727.5,109299.5,14443.11989617,45.13,0.01667627718614817,39.69128452156866
2025-10-24,111501.5,112216.0,109724.5,111138.0,7184.5993924,42.84,0.00326537135584104,39.602845856142324
2025-10-25,111786.5,111983.5,111202.5,111502.0,2485.19720389,42.9,0.0025527583638051965,39.393849905581746
2025-10-26,115580.0,116454.5,111774.0,111786.5,7817.20716142,43.91,0.03337212880134466,35.70661571686718
2025-10-27,114224.5,115820.0,113495.5,115580.0,5481.45633721,42.82,-0.011797120775330683,26.994494888743407
2025-10-28,113653.5,116146.5,112132.5,114223.5,9055.19444374,42.39,-0.005011463985502118,28.371943430513518
2025-10-29,111420.0,113722.5,107941.0,113654.0,15294.9280456,45.07,-0.019847501536130352,34.12673019408607
2025-10-30,109420.5,111481.0,106315.5,111420.0,15326.86529225,44.85,-0.018108586418900785,34.72656242646413
2025-10-31,110004.0,111146.0,108582.0,109420.5,7209.42410452,43.31,0.005318470593870472,34.954920500663725
2025-11-01,110918.5,111056.0,109688.0,110004.5,2628.35360921,43.49,0.008278968628491867,35.63966867230937
2025-11-02,107459.5,111244.0,107005.0,110919.0,5778.33101204,44.12,-0.031681665000379056,27.338019100529763
2025-11-03,104392.0,108310.0,104140.0,107459.5,12196.93589582,45.73,-0.02896098823580573,30.49605004912906
2025-11-04,102006.5,104800.0,98911.0,104389.0,20504.27143261,47.79,-0.023116507415860355,30.464179865715423
2025-11-05,103200.0,104559.0,101200.0,102006.0,9812.34577058,46.55,0.01163231630337691,35.72378180873898
2025-11-06,101931.5,103606.0,100285.5,103180.0,12276.13998821,46.94,-0.012367833993863542,35.26132717778752
2025-11-07,102288.5,104088.0,99180.0,101931.0,10122.34659702,44.61,0.00349623311774927,34.79722039408325
2025-11-08,101903.5,102595.0,101388.0,102284.5,3357.6112304,44.88,-0.003770965133115922,31.82576556864991
2025-11-09,106484.0,106678.0,101488.0,101903.5,8784.35912777,45.11,0.04396845208309408,46.85702719093402
2025-11-10,104757.5,107510.5,104650.0,106484.0,7756.24126372,44.3,-0.01634658383682286,43.05887784795445
2025-11-11,103102.5,105520.5,102364.0,104763.5,10145.98084845,46.61,-0.0159245162529551,40.91935171476461
2025-11-12,103430.0,105328.5,100772.5,103102.0,10562.23764852,46.07,0.003171416358163981,40.09604576571994
2025-11-13,97013.5,103800.0,95886.5,103430.5,18982.07161894,46.52,-0.06404491131257473,61.62618438401881
2025-11-14,96226.0,97470.0,93953.0,97013.0,13937.69948078,49.71,-0.008150552651637,60.98253946022214
2025-11-15,95990.0,96371.5,94775.5,96226.5,3801.77855718,48.5,-0.002455572050054755,61.05494180308012
2025-11-16,95590.0,96554.5,92818.5,95990.0,7408.41722894,49.64,-0.004175807299773737,43.13445006215483
2025-11-17,90415.5,96047.0,88814.0,95590.5,13024.65278037,50.62,-0.05565249919816573,52.063113334796995
2025-11-18,91797.5,93792.0,89838.5,90415.5,9831.93399999,50.52,0.015169351262642294,58.37778700109845
2025-11-19,92249.5,93100.0,88481.0,91796.5,12281.06023555,51.04,0.004911798711599857,58.748549696225375
2025-11-20,83842.5,92435.0,81083.0,92259.5,25276.60894615,54.65,-0.09555682402129406,76.14495063602928
2025-11-21,84494.0,85561.5,80540.5,83841.5,20758.73273561,57.38,0.007740487094475057,78.58211951082257
2025-11-22,85740.5,86800.0,83443.5,84494.5,6558.8207535,59.16,0.014644766811755972,81.62707996759198
2025-11-23,86966.0,88091.0,85720.5,85740.5,7391.48485902,56.5,0.014191944936179368,84.29750981933222
2025-11-24,87381.0,89174.0,85209.5,86985.0,8958.56836413,53.31,0.004760630051363179,76.88541704050452
2025-11-25,87906.5,88199.5,86096.5,87380.5,8935.44036079,52.56,0.00599588190071465,75.70673891296494
2025-11-26,91403.5,91888.0,86276.0,87906.5,11013.96109386,49.92,0.03901002131862619,82.4513786764112
2025-11-27,90948.0,91960.0,90450.0,91404.0,10454.39043928,49.31,-0.004995856325676229,26.285790291514505
2025-11-28,90597.5,93097.0,90231.5,90947.0,8096.47886079,48.7,-0.0038612957686599003,28.56404951349082
2025-11-29,91026.5,91200.0,90178.5,90597.5,2482.97214413,49.13,0.004724054065777139,28.473200110967305
2025-11-30,86576.5,91990.5,85608.0,91026.5,8463.24228414,48.78,-0.050122256758713846,50.256992516909996
2025-12-01,87020.5,87384.0,83808.5,86576.0,9379.24385948,53.13,0.00511530692529405,50.28083067199536
2025-12-02,93064.5,94000.0,86355.0,87021.0,13132.74707686,49.24,0.06714907806522419,70.48552431733775
2025-12-03,93464.5,94228.5,91731.5,93073.0,8813.27715339,47.44,0.004288883907067387,65.52085265732342
2025-12-04,92220.0,93648.5,90940.5,93464.5,9582.96715498,48.03,-0.013404658275321779,66.43456553808295
2025-12-05,89599.5,92220.0,88056.0,92219.5,9400.36781359,48.94,-0.028827287170388516,70.11501752944282
2025-12-06,89400.5,90300.0,88920.0,89599.0,2999.7071419,49.0,-0.0022234646031797922,69.91406599746797
2025-12-07,91571.5,91947.5,87649.5,89400.5,7510.4570475,49.65,0.023993812891262678,58.86190161616616
2025-12-08,90518.5,92300.0,89544.0,91572.0,5932.89419057,49.01,-0.011565838191769373,60.56920222585607
2025-12-09,92795.0,94635.5,89940.5,90518.5,9035.76389103,46.44,0.02483850932578413,37.884230641320485
2025-12-10,90290.0,94564.5,89423.5,92799.5,10743.49063719,44.92,-0.027366046710881164,42.149361422748264
2025-12-11,92466.5,93612.0,89277.5,90289.5,11620.94328309,44.46,0.023819704440276368,45.995266757516845
2025-12-12,90315.5,92698.5,89486.0,92466.5,6224.7615286,44.22,-0.02353732101153838,44.07000893530329
2025-12-13,90306.0,90636.5,89792.5,90316.5,1924.1880479,44.65,-0.00010519234984407433,43.998233514551416
2025-12-14,89775.0,90327.0,87566.5,90306.5,5321.77825493,46.74,-0.005897363286134549,39.767970729409974
2025-12-15,86011.0,90000.0,85162.0,89775.0,10386.95889719,46.68,-0.04283134506129471,49.22899504524238
2025-12-16,87037.0,88219.0,85930.5,86011.0,8062.08639511,45.69,0.011858120551018203,44.76426824250001
2025-12-17,86821.0,90374.0,85305.5,87035.0,10853.28030793,47.0,-0.0024847877133638008,42.13365911958189
2025-12-18,87926.0,89453.5,84419.5,86821.0,14101.60693446,47.48,0.012647023736406027,37.95342217736374
2025-12-19,88283.0,89429.5,86830.0,87926.0,6932.44655705,45.06,0.004052011968278535,35.89885637827619
2025-12-20,88158.0,88425.0,87783.0,88283.0,2401.41765301,45.11,-0.0014169044713270296,35.841366799101
2025-12-21,89191.5,89626.0,87596.5,88158.0,3714.86678957,45.07,0.011655084443757957,37.319577990796034
2025-12-22,87521.5,90596.5,87021.5,89189.5,6264.84281747,45.09,-0.01890126609914944,21.712588204211023
2025-12-23,86878.0,88392.5,86600.0,87522.0,4460.46658643,43.4,-0.007379641803645143,21.09677199260674
2025-12-24,87822.0,88026.0,86381.5,86878.5,3519.00912618,42.81,0.010807203067036752,22.38836151760029
2025-12-25,88460.0,89536.5,86843.0,87822.0,11015.80338478,42.55,0.007238433710316627,21.072382821368787
2025-12-26,87508.5,89032.5,86631.5,88458.0,5687.9343865,41.04,-0.010814540937531092,22.397384008451965
2025-12-27,87704.5,87951.5,87286.5,87508.5,1542.92980432,41.83,0.0022372778475912014,22.536693893436453
2025-12-28,89538.0,90342.0,87385.0,87704.5,5693.61731254,42.11,0.020689906827145776,26.204611421726543
2025-12-29,87393.5,89755.0,86726.0,89538.5,6517.20224451,42.25,-0.024242206990917836,28.774612097719515
2025-12-30,88529.0,89339.0,87393.5,87393.5,5976.76726827,42.79,0.01290927276668441,29.42133582644845
2025-12-31,87506.5,89146.0,87120.0,88529.0,4312.39560592,43.01,-0.011617105634345037,30.105416640985087
2026-01-01,88798.5,89118.5,87506.0,87506.0,4615.87528598,42.22,0.01465668164475531,31.701760800105472
2026-01-02,89585.0,90979.0,88387.5,88798.0,9027.43539012,43.43,0.008818137288297834,30.571697520168257
2026-01-03,91534.5,91800.0,89429.5,89585.5,3121.98008984,44.4,0.021528055144763414,33.20462868885568
2026-01-04,92553.5,93389.0,90813.5,91534.5,3664.97258318,44.39,0.01107090530382493,31.306815440410624
2026-01-05,93259.0,94797.5,92325.0,92553.5,6375.85073235,43.94,0.007593712911535988,19.655053475434507
2026-01-06,92839.5,94464.5,91227.5,93259.0,7082.1337655,44.09,-0.004508372829903351,21.624027008015776
2026-01-07,90430.0,92938.5,89527.5,92839.0,7426.10848571,44.64,-0.026296125029693584,30.145057795742368
2026-01-08,90677.5,91556.5,89221.0,90430.5,6506.36639698,43.24,0.0027331850318166317,28.954074092218185
2026-01-09,90566.0,91970.0,89626.0,90678.0,5629.16157448,40.52,-0.001230389107098162,28.63131225149092
2026-01-10,90624.5,90777.5,90319.0,90566.5,1151.33516183,41.03,0.0006457292411319315,23.231484214040297
2026-01-11,91315.0,92449.5,90140.0,90624.5,4176.7143182,41.68,0.0075904717257664345,22.205719819943383
2026-01-12,91899.0,92280.0,90009.5,91315.0,4578.60187758,41.27,0.006375080265614841,21.90333128177714
2026-01-13,95254.5,96700.0,91726.0,91891.5,9267.98604255,41.69,0.03586210907571186,34.802403918318156
2026-01-14,96643.5,97967.5,94680.0,95254.5,6986.40413414,40.81,0.014476693432774468,24.322520798203694
2026-01-15,95657.0,97196.0,95136.0,96643.0,6921.34256531,40.61,-0.010260073728183272,28.04427963748696
2026-01-16,95084.0,95846.0,94200.0,95656.5,4670.49985193,38.27,-0.006008165246912611,29.15357007831326
2026-01-17,95013.0,95616.0,94838.0,95084.0,2253.12326099,39.08,-0.0007469870992338201,29.3535714664767
2026-01-18,92794.5,95500.0,91867.0,95013.0,5220.89034057,40.23,-0.023626353549373036,36.57936537027272
2026-01-19,91117.0,93413.5,90718.0,92794.5,4447.9593641,39.7,-0.018242975814679596,39.13931381138349
2026-01-20,89167.5,91380.0,87755.5,91105.5,9026.61332862,42.23,-0.021627771561052,25.718648321395886
2026-01-21,89748.0,90546.0,87202.0,89167.0,8358.83886528,40.14,0.006489119578859004,21.5023426685323
2026-01-22,89460.5,90271.0,88423.5,89747.5,5553.69429257,38.88,-0.0032085559183521184,22.15802041700552
2026-01-23,89525.0,91159.0,88500.0,89460.5,6729.6834601,38.06,0.0007207288053177052,23.317928909439235
2026-01-24,88560.0,89572.5,88550.0,89525.5,1919.00774282,38.27,-0.010837627484114876,22.36810516471784
2026-01-25,87929.5,88864.5,86006.0,88560.0,5781.25817365,41.16,-0.00714493136704597,19.227212100071352
2026-01-26,88237.5,88926.5,86959.5,87929.0,4179.74158394,38.75,0.003496685688254786,18.359666218647497
2026-01-27,89086.5,89450.0,87220.0,88238.0,5452.70016271,38.2,0.009575765124077762,14.065881377537922
2026-01-28,88244.5,90489.0,87600.0,89086.5,6655.46079989,38.0,-0.00949643692059432,14.22537365261403
2026-01-29,82627.5,88386.0,80890.5,88244.5,20072.30581627,41.55,-0.06576881602488172,47.99623144218599
2026-01-30,83413.0,84539.5,81774.0,82627.5,8734.59587715,40.45,0.00946161761697617,49.71773535123646
2026-01-31,78278.0,83544.5,75524.5,83413.0,17144.88863585,47.58,-0.06353757962585149,62.985541606560304
2026-02-01,76547.0,79140.0,74536.0,78278.0,14569.24813191,48.27,-0.022361661627423146,62.40022103136622
2026-02-02,78712.5,79305.0,76520.5,76552.0,10655.5511403,46.29,0.02789704255096659,69.97124033028173
2026-02-03,76429.5,79017.0,72771.5,78721.5,13390.49616489,51.74,-0.02943322651526259,66.78669822105842
2026-02-04,70573.5,76520.0,70023.5,76429.5,18021.12108396,53.47,-0.07971402737103617,77.28170420017386
2026-02-05,64711.5,71840.0,59800.0,70573.5,41885.10992314,82.62,-0.08671579078497871,84.04668298179139
2026-02-06,68061.5,71682.0,64382.0,64724.0,23910.96940341,58.85,0.05047277906333392,100.77246688525838
2026-02-07,69647.5,69962.5,67583.0,68061.0,6425.6482909,59.35,0.023035097620214273,102.13308401507597
2026-02-08,70380.5,72268.0,69467.5,69647.0,7600.6060952,57.29,0.010469430332063823,103.76220242489956
2026-02-09,68866.5,71092.0,68261.5,70380.5,9405.79155987,54.46,-0.02174638828022246,98.19356223154861
2026-02-10,66955.0,69974.5,66490.0,68866.5,8121.70871193,54.84,-0.028149095931443213,98.11562636839193
2026-02-11,67181.5,68956.0,65711.5,66955.5,11212.01509492,55.29,0.0033771600611807173,84.13939496118033
2026-02-12,66140.0,68398.0,65066.0,67181.5,13417.5377071,55.28,-0.015624204455063406,53.13115526422513
2026-02-13,69180.0,69449.5,66122.0,66140.5,6766.25599197,52.04,0.044938095955375346,50.199802938983204
2026-02-14,70760.0,70878.0,69165.5,69180.0,5411.34453881,49.89,0.0225820657825615,50.08706455262828
2026-02-15,68562.0,70937.5,68039.0,70778.0,4769.73110745,51.28,-0.031555423898952384,54.863927271112004
2026-02-16,68337.0,70099.0,67252.0,68562.0,5453.38640214,52.19,-0.00328709782531611,52.75714058487514
2026-02-17,68100.0,68423.5,66570.0,68336.5,5768.30659161,52.01,-0.0034741344118494055,47.84164033017634
2026-02-18,67180.5,68435.5,65818.5,68094.5,6561.91254928,53.67,-0.013594186307738454,49.18630410585585
2026-02-19,67785.5,68036.0,65588.5,67180.5,7133.31949639,52.66,0.00896528091960569,47.61514038316315
2026-02-20,67849.0,68296.0,66420.0,67786.0,7203.01106374,51.43,0.0009363400114192899,32.54121213729758
2026-02-21,67966.0,68732.5,67788.0,67849.5,2944.27154295,51.7,0.0017229323556726683,25.343064104695824
2026-02-22,65947.5,68229.0,64244.5,67966.0,6294.29366977,52.0,-0.030148609195295606,24.477388504812406
2026-02-23,63141.0,66608.5,62656.5,65947.0,10636.97791766,56.1,-0.04348865011398573,36.48243803432946
2026-02-24,65007.5,66328.5,62428.5,63153.0,11606.83550565,57.77,0.02913232702958446,46.85824704660429
2026-02-25,67807.5,70211.5,64937.0,65008.0,15852.97798336,53.59,0.042170160442765336,57.83849409065442
2026-02-26,67648.5,68708.0,66463.0,67807.5,13366.01871791,52.19,-0.0023476268755224794,57.5055889292706
2026-02-27,63782.5,68053.5,62954.0,67649.0,12290.6629312,52.55,-0.058846323367736986,71.2834767709306
2026-02-28,67116.5,68216.0,63332.5,63782.5,11782.86882635,55.21,0.0509510573338936,83.52839036423254
2026-03-01,66017.0,67364.0,65027.5,67117.0,7518.08356845,55.07,-0.01651763077106594,81.26302304326343
2026-03-02,68158.5,70126.5,65256.0,66016.5,11578.158383,53.38,0.03192359061958605,74.59952223147968
2026-03-03,69523.0,69670.0,66138.0,68170.5,9420.22294897,55.41,0.01982175783890483,73.51206918910472
2026-03-04,72080.5,74084.0,69164.5,69515.5,15138.13572719,55.5,0.03612591693742928,71.99660341733303
2026-03-05,71053.5,73600.0,70133.5,72084.5,9883.77432084,54.71,-0.0143504355994164,73.62339659590225
2026-03-06,67838.0,71054.0,67452.0,71054.0,7271.2253864,55.52,-0.04631060449657021,67.06589653524524
2026-03-07,67327.0,68237.5,66531.5,67838.5,3718.35724365,58.63,-0.007561165013704851,57.295329300745045
2026-03-08,67538.5,68219.5,65600.0,67326.5,7464.92191407,60.45,0.003136460746208769,55.48422529189353
2026-03-09,70419.0,70600.0,67345.5,67538.0,7359.84698261,55.49,0.041765307465361445,58.92608818899474
2026-03-10,69662.5,71799.5,69300.0,70419.5,6195.06422204,55.04,-0.01080096021920518,58.27865102262033
2026-03-11,69832.0,71348.0,68982.0,69662.0,4952.6608831,53.93,0.002430204537393621,50.191006127401735
2026-03-12,71660.5,72072.0,69354.5,69836.0,5461.36935424,54.26,0.0258473318126633,53.67746918574204
2026-03-13,70636.0,73940.0,70300.5,71660.5,7550.16809171,52.98,-0.014399759694834202,39.58609266055628
2026-03-14,71483.0,71833.5,70394.5,70635.5,1699.21290459,53.26,0.011919729641400423,38.064140142481065
2026-03-15,73477.5,74456.0,71270.5,71483.5,4974.28569814,52.89,0.027519577712491028,39.97603700155597
2026-03-16,74273.0,76044.5,72911.0,73477.5,6726.63439819,52.81,0.010768257120744806,31.27388546814493
2026-03-17,73910.5,74916.0,73409.5,74273.5,3831.40913713,51.42,-0.004892592267161433,29.392110240581797
2026-03-18,70201.5,74306.0,69484.0,73910.5,6987.4735101,53.77,-0.05148522343350237,52.67736443848848
2026-03-19,70856.0,70983.0,68785.5,70202.0,7171.57071942,54.27,0.00927997018243154,49.114335614856316
2026-03-20,70731.5,71375.0,69383.0,70856.0,4476.68427233,54.44,-0.0017586302758036965,47.94661919426075
2026-03-21,68904.0,71106.5,68197.0,70739.0,4467.5898529,55.22,-0.026176786744606773,50.120939240325576
2026-03-22,68306.0,68988.0,67325.0,68904.0,7194.8520025,56.74,-0.008716621037912375,41.857863974186934
2026-03-23,71293.5,71802.5,67911.0,68317.0,8242.76523114,53.53,0.04280754872022108,55.798833673099715
2026-03-24,70921.0,71355.0,68891.0,71294.0,6007.89238926,52.68,-0.005238577667771693,55.79578567029175
2026-03-25,70080.5,72042.0,69785.5,70921.5,5104.19520357,51.04,-0.011922000195529137,41.65331187790153
2026-03-26,68521.5,70121.0,68119.5,70081.0,12184.60868535,52.54,-0.022497016671010783,43.51108758188469
2026-03-27,66503.0,68610.0,65527.0,68521.0,7120.99004879,53.71,-0.029900505208656725,46.93093449673131
2026-03-28,66658.5,67261.5,66080.5,66503.0,2838.59813576,53.74,0.0023355109499778592,44.98695728305465
2026-03-29,67585.5,67781.0,64950.5,66658.5,3751.8886177,54.56,0.013810892623528304,46.68257848639142
2026-03-30,67331.5,68377.5,66214.0,67585.5,6189.7559183,55.3,-0.0037652823600762275,28.262835158595212
2026-03-31,68671.0,69282.5,65954.0,67331.0,5939.2335433,52.25,0.01969880428679538,34.812850156098655
2026-04-01,66910.5,69159.0,66215.0,68671.0,5937.74678979,51.49,-0.02597107943507737,37.94615854854451
2026-04-02,67040.5,67426.5,65693.5,66910.5,4845.67932588,50.85,0.0019410088885454257,35.763511558655225
2026-04-03,67024.0,67376.5,66500.0,67040.5,3906.0630827,47.41,-0.00024615017522577887,27.7739375031125
2026-04-04,66813.5,67555.0,66604.5,67024.5,2357.44791112,47.37,-0.0031456082723035905,27.909071295763678
2026-04-05,69113.0,69585.0,66693.5,66813.5,4468.30434286,47.53,0.033837690286803834,36.28329864241911
2026-04-06,68615.0,70370.0,68271.0,69113.0,5489.115807,48.99,-0.007231676497584161,36.770754619111564
2026-04-07,71655.5,72782.0,67735.0,68615.0,8205.17921882,47.37,0.043358743644214215,46.18855123964256
2026-04-08,70964.5,72870.5,70455.0,71655.5,4922.10599162,44.35,-0.009690161366176397,40.45692204295613
2026-04-09,71480.5,73183.0,70522.5,70964.0,7761.50408737,44.52,0.007244933230754924,40.12142342765878
2026-04-10,72784.5,73467.0,71438.5,71480.5,4422.11973844,43.14,0.018078335215342634,39.68733466618792
2026-04-11,71690.5,73839.5,71356.0,72787.0,4074.0564003,44.61,-0.01514477813184456,43.22085740279838
2026-04-12,70824.0,71795.0,70511.0,71690.5,3362.83902004,45.43,-0.012160316005138228,40.50745444354795
2026-04-13,74623.0,74953.5,70564.0,70823.5,9966.68059859,44.01,0.05225084437485705,52.05348816527259
2026-04-14,73765.5,76080.5,73565.0,74623.0,8408.66516821,44.1,-0.011557628054664093,46.75752895034413
2026-04-15,74743.5,75446.5,73607.5,73765.5,4485.24035245,43.92,0.013171109339177534,45.540545202311726
2026-04-16,75069.5,75554.5,73345.0,74743.0,6777.06865963,42.33,0.0043520991443646295,45.59486904324141
2026-04-17,77048.0,78360.0,75003.5,75069.0,9894.1036069,42.83,0.02601425314608008,47.10319171563058
2026-04-18,75309.0,77085.5,74921.0,77050.5,3517.40071171,44.1,-0.02282895468253976,49.67009007929465
2026-04-19,74845.0,76284.5,73658.0,75309.0,6178.77890328,43.44,-0.0061803412088252685,48.4366574775886
2026-04-20,76129.5,76566.0,74646.0,74845.0,6215.91710493,42.03,0.017016529216233423,33.04101961494405
2026-04-21,78006.5,78485.0,74840.5,76129.5,8851.45442467,42.13,0.024356318967463153,33.68199150709946
2026-04-22,78055.5,79480.0,77515.0,78013.5,9496.9233806,43.18,0.0006279555767605416,33.72509479146547
2026-04-23,77692.5,78676.0,76939.5,78057.5,9097.61423581,42.83,-0.004661384509425659,34.64019620877586
2026-04-24,77503.0,78496.0,77221.5,77693.0,4903.05213036,40.16,-0.0024420823307096384,29.856008248221226
2026-04-25,78113.5,78214.0,77129.5,77503.0,1309.48360895,40.77,0.007846251934061854,22.329916896967685
2026-04-26,77629.5,79536.5,77494.5,78113.5,5092.10087705,40.34,-0.006215387633700331,22.340816438616965
2026-04-27,76842.0,78277.0,76364.5,77629.5,4169.66464243,40.62,-0.010196143915891298,22.24008070017812
2026-04-28,77024.0,77477.0,75658.0,76842.0,4844.53967984,40.58,0.0023656959286704193,11.433440145839393
2026-04-29,76112.5,77877.0,74927.0,77024.5,4894.2902838,39.62,-0.011904552665969348,13.245237730733903
2026-04-30,77173.5,77429.0,75846.5,76112.5,4020.80726131,38.88,0.013843624918676412,18.169201953386555
2026-05-01,78218.0,78902.5,77092.5,77173.0,6814.46120555,38.52,0.013443666238902807,20.80895982096364
2026-05-02,78374.0,79176.0,78086.0,78218.0,1866.96407883,39.31,0.001992439608761387,20.10825595390585
2026-05-03,79705.5,80598.0,78286.0,78374.0,7360.11669558,39.05,0.01684635249707611,22.224338553965048
2026-05-04,80864.5,81329.5,78113.5,79705.5,5548.42227895,41.0,0.01443632220976987,19.792407429836626
2026-05-05,81346.5,81775.0,80535.0,80861.0,5166.93352708,40.28,0.005942894361112394,19.416074332541275
2026-05-06,81537.0,82831.0,80746.0,81353.0,6227.72311688,39.41,0.0023390961866365245,11.886753140305515
2026-05-07,79683.5,81600.5,79166.0,81537.0,7960.91048635,38.85,-0.022994366941178512,25.869372648103628
2026-05-08,80258.5,80690.5,79561.0,79684.0,5105.69813943,37.66,0.007190137389770257,24.942306355789647
2026-05-09,80739.0,81072.0,80197.0,80258.5,1972.20980338,38.61,0.005969054509147753,24.944025018206627
2026-05-10,80756.5,82477.0,80287.5,80739.0,4248.36140092,38.72,0.0002167243058597279,22.616032427622265
2026-05-11,80854.0,82130.5,80465.5,80756.5,4372.76462117,38.33,0.0012066049152643643,20.012530359654985
2026-05-12,81003.5,81286.5,79838.0,80854.0,3228.01403963,38.55,0.001847304480971701,19.48183900545674
2026-05-13,79718.5,81325.5,78754.0,81003.5,5399.78235565,39.83,-0.015990684303382352,22.115730442662695
2026-05-14,80830.0,82012.0,79205.0,79718.0,8092.76997664,39.02,0.013846504433672635,17.622832184421654
2026-05-15,78338.5,80830.0,78031.5,80830.0,4174.0175911,39.05,-0.03130900299799144,29.021015611005534
2026-05-16,78121.5,78493.5,77616.0,78331.0,2184.31342683,40.21,-0.002773873694746243,27.960464741199907
2026-05-17,77022.5,78564.5,76539.5,78121.5,3885.74883984,40.24,-0.014167720091505132,28.345873081932055
2026-05-18,77160.5,77750.0,75992.0,77022.5,5708.84062632,39.93,0.001790081096494589,28.44861359705816
2026-05-19,77220.5,77410.0,76086.5,77161.0,3152.21058086,39.76,0.0007772977635980283,28.26340200601656
2026-05-20,77840.0,78136.5,76836.0,77220.5,3913.22138764,38.47,0.007990472056146558,28.835427214454935
2026-05-21,77334.0,78141.0,76670.5,77830.5,5427.64443146,36.62,-0.006521734227051823,24.904797037333495
2026-05-22,74502.0,77504.0,74187.0,77334.0,5306.18862416,37.09,-0.037307732987937214,28.660427694575258
2026-05-23,76709.5,77300.0,74245.5,74502.0,4256.56621204,36.7,0.02919958923219035,39.05919429860841
2026-05-24,77317.5,77567.5,76014.0,76709.5,3552.23360643,36.03,0.00789476076156248,38.32846674314194
2026-05-25,76652.5,77843.0,76421.0,77318.0,2913.50526906,34.44,-0.008638100084532141,38.85861599955479
2026-05-26,75867.0,78041.0,75200.0,76652.5,5544.19696884,35.86,-0.010300413324456414,39.38000720483006
2026-05-27,73388.0,76069.0,72666.0,75867.5,6766.8682829,37.19,-0.033221372731050636,43.69292999962294
2026-05-28,73479.0,73868.5,72476.0,73388.0,8029.26476776,37.27,0.0012392165925003695,44.253165568604295
2026-05-29,73461.0,74235.0,72409.0,73479.5,4973.08420266,35.99,-0.0002449979595766649,36.354943744301565
2026-05-30,73782.0,74174.5,73425.0,73461.0,2091.55253785,35.28,0.004360146268968634,26.461321581781107
2026-05-31,72711.0,74108.0,72604.5,73782.0,3275.54397967,36.4,-0.014622119584574378,24.41324930868161
2026-06-01,70018.0,73007.5,69634.5,72711.0,11327.76083194,37.27,-0.03774032798284743,32.13665528333351
2026-06-02,67120.5,70072.5,65353.0,70018.0,16184.55152178,43.28,-0.042262840375281385,38.25030194128679
2026-06-03,63521.0,67367.5,61270.0,67120.5,17015.79846558,47.9,-0.05511895158765512,46.17349511658473
2026-06-04,63040.0,64408.0,61060.0,63521.0,13024.63904744,46.17,-0.007601114338383397,44.01764935313929
2026-06-05,60963.5,63170.0,59052.0,63040.0,17449.7838196,49.14,-0.0334941211212314,40.476984929141516
2026-06-06,62370.5,62381.0,60174.5,60963.0,4147.21847132,48.62,0.022817082752188966,50.121359103632
2026-06-07,63224.0,64183.0,61150.0,62370.0,6361.00832517,49.37,0.013591568722091552,57.00206321952726
2026-06-08,63155.5,64168.5,62400.5,63238.5,6080.86535659,45.64,-0.0010840366785433986,56.19127771417792
2026-06-09,61617.0,63155.5,60753.5,63155.0,8670.0958401,46.24,-0.024662132732508724,52.24487102143509
2026-06-10,62655.0,62951.5,60646.5,61630.0,8187.10261152,46.96,0.0167056801256269,40.87556400815791
2026-06-11,62995.0,63885.0,62278.0,62655.0,7626.41089541,43.27,0.005411871545344837,40.86333989405544
2026-06-12,63801.5,64349.0,62966.5,62995.5,4298.31529768,40.47,0.012721342883558862,30.09845584241411
2026-06-13,64397.5,64739.5,63700.0,63801.0,2350.70848287,40.77,0.009298111434869583,27.07089214050286
2026-06-14,65635.5,65984.0,63660.0,64397.5,4312.22932822,40.33,0.019041895632131656,28.42805116331552
2026-06-15,66342.0,67250.0,65465.5,65636.0,5216.15931183,38.72,0.010706472675167333,28.07809511965252
2026-06-16,65479.5,66935.0,65200.0,66342.0,4753.05288914,37.67,-0.013086064233904793,20.2945348130645
2026-06-17,64464.5,66393.5,63655.0,65479.0,6015.19197677,39.54,-0.015622431868440145,25.325229084293998
2026-06-18,62542.5,64589.5,62200.0,64464.0,6472.04670138,42.47,-0.030268359038862158,35.31031577903561
2026-06-19,63580.0,63827.0,62237.5,62542.0,3574.60133236,40.54,0.016452629835542965,36.28367099807793
2026-06-20,64143.5,64517.5,63131.0,63580.0,2684.00833954,39.85,0.00882380542577721,36.207315569060114
2026-06-21,64143.0,64800.0,63200.5,64143.5,6059.73832936,41.76,-7.795052480830122e-06,32.33836120516491
2026-06-22,62800.5,65554.5,62503.0,64143.0,5863.76736191,40.41,-0.021151930630054494,32.13465457012422
2026-06-23,62581.5,63049.5,61840.0,62800.5,4679.97464612,41.56,-0.0034933279531497163,31.927377237730585
2026-06-24,61790.0,63165.0,59009.0,62581.5,9650.06014542,45.12,-0.012728168199860335,31.487854521769904
2026-06-25,60499.0,61808.0,57928.5,61803.5,21951.0336078,46.56,-0.021114703098316312,27.667551322663
2026-06-26,60476.5,60584.0,58410.0,60491.0,8436.41039913,45.5,-0.0003719761482194883,21.889849850113272
2026-06-27,60149.5,60895.5,59696.5,60476.0,2293.74460789,45.17,-0.005421729992168167,17.55384046721473
2026-06-28,59945.0,60472.0,58775.5,60149.0,3003.66343069,47.66,-0.0034056546745677707,16.619911980487814
2026-06-29,59455.0,60715.0,58936.0,59945.0,5901.94560818,42.65,-0.008207751270074226,13.518729260383061
2026-06-30,58696.0,59479.5,57725.5,59447.5,4800.306112,44.54,-0.012848142477849933,13.384220516651862
2026-07-01,60080.5,61300.0,58260.5,58696.0,8092.61736145,42.91,0.02331374824657395,26.455218765268423
2026-07-02,61722.5,62154.5,60082.0,60085.5,6424.8219466,40.45,0.02696320252511697,30.07493563203053
2026-07-03,62545.0,62899.5,61480.0,61722.5,3726.21413266,39.47,0.01323776548332134,30.782505497407193
2026-07-04,62985.5,63423.5,62376.0,62545.5,2252.93198398,39.18,0.0070182435040848645,29.554666533663305
2026-07-05,63053.0,63963.5,62414.5,62986.0,3733.28386556,38.67,0.0010711013928812463,28.801571149945904
2026-07-06,63049.5,64657.0,61284.5,63053.5,8623.39842135,37.26,-5.551039830287152e-05,26.667423821782222
2026-07-07,62856.5,64211.5,62450.5,63049.5,4575.93128697,38.87,-0.003065781633400988,22.546086938836947
2026-07-08,62979.5,63226.0,61505.5,62856.5,4366.89982293,39.53,0.0019549260811349,19.86429584801157
2026-07-09,63958.5,64191.5,62434.5,62979.5,7120.64663584,37.29,0.015425158920047366,13.41646028852235
2026-07-10,64150.5,64688.0,63644.5,63958.5,3431.0546163,36.23,0.0029974497303904,11.536403979982321
2026-07-11,63871.5,64470.5,63622.5,64150.5,1719.99842004,36.78,-0.004358632761492842,12.391604492754345
2026-07-12,62964.5,64399.5,62470.5,63871.5,3422.54433227,37.2,-0.01430217699532399,17.148636826230845
2026-07-13,61970.0,63248.0,61762.5,62965.0,1915.45998304,38.21,-0.015920678532706845,20.555280365039348
